test,predict
3.6432222219999995,3.557643
3.383777778,3.3504155
3.339777778,3.4785788
4.044,3.5239909
3.680888889,3.6481545
3.424777778,3.5966315
3.466111111,3.591924
3.470333333,3.4633393
3.522222222,3.2463715
3.398666667,3.4606998
3.265777778,3.5701392
3.177222222,3.4882157
3.268555556,3.3864837
3.263222222,3.4989552
3.061888889,3.626065
3.212666667,3.5688019
3.219111111,3.5227582
3.1401111110000004,3.3609474
3.081222222,3.2787678
3.1951111110000006,2.9439893
3.164777778,2.6646066
3.287888889,2.6930978
3.361111111,2.7598605
