test,predict
3.6432222219999995,3.461666
3.383777778,3.3588858
3.339777778,3.4033616
4.044,3.3529341
3.680888889,3.360173
3.424777778,3.2597172
3.466111111,3.2969837
3.470333333,3.1743271
3.522222222,3.1156952
3.398666667,3.2664
3.265777778,3.4469965
3.177222222,3.3553317
3.268555556,3.2342494
3.263222222,3.1557934
3.061888889,3.131902
3.212666667,3.7861722
3.219111111,3.7611187
3.1401111110000004,3.3975182
3.081222222,3.1177297
3.1951111110000006,2.9534338
3.164777778,2.660671
3.287888889,2.7188609
3.361111111,2.738848
