test,predict
4.449555556,3.5622542
4.023333333,3.4844677
3.948444444,3.6320026
3.3478888890000005,3.446986
3.348,3.0351608
3.424,3.0945382
3.420888889,3.095158
3.226666667,3.5583968
3.051333333,3.4271183
3.029444444,3.1372788
3.196555556,2.9953022
3.096888889,2.8370602
3.162777778,2.8418796
3.1025555559999995,3.1433747
3.053555556,3.4682703
3.005888889,3.6345036
3.043444444,3.7007387
3.149888889,3.5762634
3.121888889,3.4588344
3.016777778,3.1721754
3.085555556,3.5655887
3.0960000000000005,3.5592365
2.971333333,3.5575147
