test,predict
3.439888889,3.5363576
3.566666667,3.6040206
3.6527777780000004,3.6489253
4.180555556,3.6553764
3.887,3.3798099
3.747111111,3.0877092
3.7238888889999995,3.0217519
3.6333333329999995,2.977919
3.439555556,3.1481128
3.402666667,3.215118
3.162777778,3.269162
3.145888889,3.2777488
3.336222222,3.3261192
3.028777778,3.212778
2.881555556,3.174768
2.794666667,3.086376
2.818555556,3.230777
2.762222222,3.2273197
2.901111111,3.0676537
2.9221111109999995,2.9968274
2.893666667,3.2087717
2.941111111,3.32099
2.9066666670000005,3.4287417
