test,predict
3.439888889,3.555502
3.566666667,3.6881912
3.6527777780000004,3.7548172
4.180555556,3.7079687
3.887,3.3667083
3.747111111,3.102893
3.7238888889999995,3.134472
3.6333333329999995,3.0869577
3.439555556,3.2356749
3.402666667,3.143748
3.162777778,3.0674012
3.145888889,3.2143362
3.336222222,3.2103539
3.028777778,3.3538144
2.881555556,3.4231844
2.794666667,3.2579386
2.818555556,3.18243
2.762222222,3.1728752
2.901111111,3.109735
2.9221111109999995,3.1711254
2.893666667,3.2214162
2.941111111,3.206925
2.9066666670000005,2.921057
